TIMESTAMP,RECORD,Site,batt_volt,FC_mass,FC_QC,FC_samples,LE,LE_QC,LE_samples,H,H_QC,H_samples,NETRAD,G_AVG,G_1,G_2,G_3,G_4,G_5,SG_1_1_1,SG_2_1_1,SG_3_1_1,SG_4_1_1,SG_5_1_1,energy_closure,Bowen_ratio,TAU,TAU_QC,USTAR,TSTAR,TKE,TA_1_1_1,RH_1_1_1,T_DP_1_1_1,amb_e,amb_e_sat,TA_2_1_1,RH_2_1_1,T_DP_2_1_1,e,e_sat,TA_3_1_1,RH_3_1_1,T_DP_3_1_1,e_probe,e_sat_probe,H2O_probe,PA,VPD,Ux,Ux_SIGMA,Uy,Uy_SIGMA,Uz,Uz_SIGMA,T_SONIC,T_SONIC_SIGMA,sonic_azimuth,WS,WS_RSLT,WD_SONIC,WD_SIGMA,WD,WS_MAX,CO2_density,CO2_density_SIGMA,H2O_density,H2O_density_SIGMA,CO2_sig_strgth_Min,H2O_sig_strgth_Min,ALB,SW_IN,SW_OUT,LW_IN,LW_OUT,SB_Temp,T_nr_Avg,LW_IN_meas,LW_OUT_meas,sun_azimuth,sun_elevation,hour_angle,sun_declination,air_mass_coeff,daytime,TS1_2cm,TS1_6cm,TS2_2cm,TS2_6cm,TS3_2cm,TS3_6cm,TS4_2cm,TS4_6cm,TS5_2cm,TS5_6cm,SoilWater_1,SoilWater_2,SoilWater_3,SoilWater_4,SoilWater_5,hydra1_temp,hydra2_temp,hydra3_temp,hydra4_temp,hydra5_temp,G_plate_1_1_1,G_plate_2_1_1,G_plate_3_1_1,G_plate_4_1_1,G_plate_5_1_1,Duty_cycle,Freq_tach,FETCH_MAX,FETCH_90,FETCH_55,FETCH_40,UPWND_DIST_INTRST,FP_DIST_INTRST,FP_EQUATION
5/4/19 0:00,1554,New Ripp #3,12.07716,0.2326635,1,36000,10.8319,1,36000,-48.59351,1,36000,-76.75664,-55.2921426,-54.25279,-66.13085,-45.712793,-47.3184,-63.04588,-39.22801,-39.12622,-37.28473,-30.1992,-46.97389,0.9889421,-4.486147,0.04349003,1,0.1894444,0.2095831,0.1936563,13.87053,63.67001,7.100532,1.01306,1.59183,14.47371,61.39073,7.131122,1.015178,1.655787,13.65289,65.50916,7.310695,1.027724,1.569435,7.764766,100.413,6.406082,1.571308,0.4136168,-0.8817129,0.3968891,-0.0666026,0.2423074,15.40221,0.4893142,270,1.837898,1.801785,330.7018,11.35409,299.2982,3.961524,796.8524,7.379436,7.648179,0.08189967,0.938773,0.9332483,0,-2.51138,2.487435,302.7891,374.5469,285.0892143,286.1775,-77.63239,-5.874574,328.1715,-37.10806,148.8244,15.91206,,0,16.89011,18.92157,16.46968,17.70047,19.54829,20.78916,20.6965,21.66744,22.54261,23.21978,11.88222,14.16556,5.45,4.09,10.82444,17.98333,17.70444,21.23333,21.48667,22.74889,-15.02478,-27.00463,-8.428063,-17.1192,-16.07199,0.5,1971,17.02157,693.9492,78.61164,47.30753,260,79.63647,KormannMeixner
5/4/19 0:30,1555,New Ripp #3,12.06815,0.163712,1,36000,12.4198,1,36000,-50.54618,1,36000,-79.93256,-37.971786,-30.22009,-47.77892,-20.102885,-39.17773,-52.579305,-14.30746,-20.50589,-10.90938,-21.84763,-35.95794,0.6438575,-4.069806,0.07106785,1,0.2423783,0.1706964,0.2617196,14.41715,60.73758,6.93435,1.001551,1.649007,14.9559,58.79531,6.96159,1.00342,1.707729,14.21548,62.41437,7.141301,1.015851,1.627625,7.659991,100.4058,7.043091,1.603061,0.4870486,-1.002448,0.4476883,-0.07660609,0.2929128,15.87522,0.3484752,270,1.937094,1.890679,327.9809,12.53835,302.0191,3.941437,790.7534,2.344546,7.546867,0.05342987,0.9386584,0.9331182,0,-3.149556,2.046908,303.946,378.6821,285.8728619,286.8771,-80.20741,-5.47132,5.208539,-37.0296,-175.6752,15.91814,,0,16.54083,18.55682,16.18176,17.34922,19.24117,20.47802,20.34431,21.2726,22.05606,22.72215,11.86778,14.06778,5.458889,4.14,10.74222,17.67333,17.37556,20.96,21.17111,22.30889,-15.91263,-27.27303,-9.193505,-17.3301,-16.621365,0.5,1970,28.5042,83.00502,41.22824,31.13205,260,98.08375,Kljun et al
5/4/19 1:00,1556,New Ripp #3,12.06489,0.1300103,1,36000,8.34705,1,36000,-36.30566,1,36000,-79.39951,-27.81276561,-30.31814,-36.009103,-9.50354503,-28.08285,-35.15019,-14.02789,-9.009943,-0.01863403,-10.90136,-18.41432,0.405708,-4.34952,0.04520352,1,0.19319,0.1536499,0.2043684,14.11715,61.20442,6.762825,0.9898189,1.617347,14.60446,59.42566,6.787459,0.9914909,1.669469,13.94134,62.58868,6.922657,1.000734,1.599002,7.553194,100.3983,6.77978,1.375309,0.4298931,-0.9610565,0.4058238,-0.06027726,0.2433841,15.51174,0.3547589,270,1.719532,1.677835,325.0544,12.6134,304.9456,3.685985,792.6336,2.445377,7.466238,0.05341526,0.9385656,0.9330611,0,-3.715584,1.583815,302.903,377.0031,285.5554581,286.679,-80.19093,-6.090822,14.09315,-36.01673,-168.1747,15.92422,,0,16.36355,18.31253,16.02274,17.14948,19.10535,20.28414,20.11672,21.02331,21.71037,22.38033,11.96222,14.06444,5.482222,4.177778,10.62444,17.38,17.2,20.70667,20.94222,21.88222,-16.29025,-26.99916,-9.484911,-17.18149,-16.73587,0.5,1967,14.71563,535.6341,65.1561,39.7935,260,82.75933,KormannMeixner
5/4/19 1:30,1557,New Ripp #3,12.04389,0.1478012,1,36000,8.352046,1,36000,-42.18594,1,36000,-78.89261,-34.4025264,-37.32534,-46.93806,-21.625386,-25.193981,-40.929865,-20.85199,-19.90248,-12.03384,-7.900261,-24.04633,0.5462953,-5.050971,0.0498957,1,0.202898,0.1698894,0.2015703,13.83061,61.38487,6.535203,0.9744447,1.58749,14.35446,59.46701,6.561656,0.9762153,1.642701,13.64595,62.76934,6.685195,0.9845359,1.568544,7.438603,100.3758,6.66486,1.389656,0.4136477,-0.9838654,0.4084504,-0.0591823,0.2553515,15.24715,0.3502315,270,1.744187,1.702681,324.7016,12.49523,305.2984,3.744329,790.9982,2.630802,7.357625,0.06671885,0.9384429,0.9330015,0,-3.401357,1.859903,301.6289,375.2603,285.2248699,286.299,-79.4369,-5.80555,22.5954,-34.12086,-160.6742,15.93021,,0,16.1763,18.09665,15.82949,16.96482,18.96242,20.1161,19.87095,20.78257,21.39806,22.08055,11.91555,14.06889,5.385556,4.217778,10.69222,17.20111,16.94667,20.50222,20.68,21.57778,-16.47335,-27.03558,-9.591546,-17.29372,-16.883535,0.5,1964,27.44765,80.25783,39.74768,30.00913,260,97.96152,Kljun et al
5/4/19 2:00,1558,New Ripp #3,12.03326,0.1477814,1,36000,10.31354,1,36000,-42.4497,1,36000,-79.2925,-38.0011532,-35.62447,-43.43537,-36.544336,-36.54965,-37.85194,-18.92262,-16.16448,-26.74069,-19.04528,-20.74883,0.5450916,-4.11592,0.06233528,1,0.226774,0.1529496,0.2445496,13.76644,60.87486,6.353753,0.9623169,1.58092,14.26238,59.06983,6.378769,0.9639734,1.632935,13.58193,62.22665,6.498768,0.9719724,1.562044,7.34531,100.3483,6.689615,1.507506,0.4667284,-1.082925,0.4457233,-0.07081356,0.2694339,15.1438,0.349651,270,1.904279,1.856158,324.3082,12.87613,305.6918,4.358854,793.1407,2.823468,7.267671,0.04955826,0.9384158,0.9329432,0,-3.490293,1.701246,301.3743,375.4753,285.2657149,286.3136,-79.76962,-5.668669,30.55499,-31.4288,-153.1738,15.93631,,0,15.94046,17.8609,15.60926,16.73916,18.76962,19.92846,19.60063,20.51493,21.06448,21.75068,11.84778,14.06222,5.257778,4.278889,10.67333,16.92889,16.74222,20.31333,20.42,21.23111,-16.70185,-27.27089,-9.803646,-17.50437,-17.10311,0.5,1962,28.8738,84.09119,41.76689,31.53837,260,98.07372,Kljun et al
5/4/19 2:30,1559,New Ripp #3,12.02553,0.1570404,1,36000,8.985405,1,36000,-42.46832,1,36000,-77.75201,-35.2702438,-32.78493,-49.1805,-15.530969,-31.83848,-47.01634,-15.86855,-21.77735,-5.559869,-14.2249,-29.75136,0.5552464,-4.726367,0.05952107,1,0.221493,0.1565071,0.2699855,13.45065,63.01044,6.555956,0.9758199,1.548736,13.9416,61.15604,6.580791,0.9774858,1.599336,13.27942,64.19843,6.665369,0.9831899,1.531534,7.437932,100.3345,6.2185,1.230323,0.4918172,-1.295075,0.4739483,-0.07044156,0.2710349,14.83458,0.3558442,270,1.852314,1.786311,313.531,15.28998,316.469,4.044206,795.2037,2.767331,7.377771,0.04694236,0.9383579,0.932941,0,-3.524376,1.595452,301.3754,374.0076,284.9865357,286.0128,-78.16948,-5.537302,37.89431,-28.04625,-145.6732,15.94233,,0,15.7393,17.64937,15.42033,16.54739,18.61543,19.76646,19.37107,20.28586,20.76478,21.45761,11.83333,14.02667,5.324444,4.237778,10.66778,16.73889,16.55111,20.14889,20.21111,20.93778,-16.91638,-27.40315,-9.9711,-17.61358,-17.26498,0.5,1960,28.18678,82.1819,40.78387,30.79498,260,98.04682,Kljun et al
5/4/19 3:00,1560,New Ripp #3,12.02892,0.09396932,5,36000,4.012205,5,36000,-20.56916,5,36000,-73.29526,-31.199524,-29.71278,-40.04163,-18.161585,-29.53831,-38.543315,-12.61868,-12.47512,-8.035265,-11.79282,-21.12352,0.2756127,-5.126647,0.0204832,1,0.1296866,0.1289616,0.1211167,12.43202,68.31254,6.751973,0.9891062,1.449281,12.84953,66.58195,6.773205,0.9905477,1.489752,12.31425,68.65918,6.715028,0.9865677,1.438076,7.488807,100.3398,4.992039,0.716051,0.3134488,-1.094227,0.3394236,-0.05460413,0.1696312,13.75095,0.4865083,270,1.33797,1.307694,303.2003,12.18469,326.7997,3.337982,802.7401,4.303499,7.505015,0.09119923,0.9387274,0.9333521,0,-4.107496,0.8759488,300.5506,368.8624,284.0013027,285.1776,-74.58409,-6.272281,44.60569,-24.08223,-138.1728,15.94837,,0,15.55523,17.45947,15.24348,16.37752,18.47022,19.62435,19.16253,20.08125,20.49313,21.19489,11.78444,14.00333,5.315555,4.227778,10.54778,16.52444,16.31667,19.96667,19.98222,20.64,-17.0941,-27.56651,-10.12632,-17.74549,-17.419795,0.5,1961,18.92367,830.8339,90.16199,53.49134,260,77.27965,KormannMeixner
5/4/19 3:30,1561,New Ripp #3,12.0162,0.01630851,9,36000,1.363555,9,36000,-2.545645,9,36000,-66.048,-33.145782,-34.39165,-43.06684,-29.69651,-28.47822,-30.09569,-17.0774,-14.9543,-19.30988,-10.20599,-12.30245,0.02305837,-1.866918,0.003018926,9,0.04968811,0.04148759,0.0442618,11.15683,75.01067,6.897039,0.9990147,1.33193,11.72521,72.39512,6.926111,1.001008,1.383103,11.09965,75.0333,6.846217,0.9955073,1.326887,7.588852,100.3506,3.820955,0.816051,0.2377027,-0.7900749,0.1698352,-0.04750022,0.05636523,12.63253,0.2618757,270,1.15748,1.135852,315.9266,11.07236,314.0734,1.930182,820.9272,4.542612,7.61405,0.07846191,0.938399,0.9332561,0,-3.496897,1.149378,298.9468,360.3485,282.3481295,283.798,-68.97938,-7.57766,50.73147,-19.63799,-130.6723,15.95442,,0,15.36053,17.29963,15.04384,16.23086,18.29828,19.50175,18.92029,19.88215,20.25943,20.98395,11.82444,13.97111,5.313333,4.232222,10.57444,16.27111,16.15778,19.81333,19.71556,20.34889,-17.31425,-28.11254,-10.38663,-18.27223,-17.79324,0.5,1959,73.75932,4600.375,404.4362,230.5151,260,43.37137,KormannMeixner
5/4/19 4:00,1562,New Ripp #3,11.98941,-0.02632187,9,36000,-1.074414,9,36000,0.9846359,9,36000,-64.94893,-41.842037,-44.05033,-53.32191,-20.52291,-52.64783,-38.667205,-26.27073,-24.09013,-9.48678,-33.47176,-20.18937,0.00212573,-0.9164396,0.003944566,4,0.05670959,-0.0140155,0.1556182,10.27446,80.9998,7.150183,1.016586,1.256102,10.79997,78.35519,7.177213,1.018472,1.300935,10.22417,80.41833,6.997572,1.00599,1.251849,7.6926,100.3401,2.824637,0.002472187,0.4895113,-0.632103,0.2643038,-0.03539674,0.04193435,11.72023,0.3384325,270,0.7820663,0.6321105,270.2241,35.46867,359.7759,1.595445,843.4594,8.631866,7.77227,0.1354857,0.9364966,0.9312201,0,-3.807701,0.9210952,295.4951,355.7153,281.4361439,282.8311,-67.4455,-7.225362,56.34095,-14.80203,-123.1717,15.96045,,0,15.04982,17.08532,14.74124,15.99676,17.9905,19.31372,18.5868,19.60603,19.96827,20.71484,11.82333,13.95222,5.365555,4.183333,10.60111,16.01778,15.89111,19.57555,19.38222,20.01778,-17.7796,-29.23178,-11.03613,-19.17607,-18.477835,0.5,1953,24.09003,221.6013,59.38533,41.8441,260,91.87054,KormannMeixner
5/4/19 4:30,1563,New Ripp #3,11.95929,0.1023768,9,36000,-1.419994,9,36000,-7.080478,9,36000,-62.99496,-40.717394,-36.9764,-55.2618,-41.16735,-31.00159,-39.17983,-18.48809,-24.67654,-29.2606,-10.87902,-19.87439,0.2007384,4.986273,0.004244525,9,0.05872943,0.0970014,0.1094075,9.334718,85.86435,7.076105,1.011362,1.179992,9.8998,82.86665,7.105238,1.013391,1.226257,9.327062,85.15771,6.954087,1.003017,1.179349,7.693983,100.3496,2.128655,0.8922751,0.3446352,0.2493822,0.3139177,-0.01518881,0.03869534,10.81248,0.7970225,270,0.9737272,0.9264674,15.61522,17.84484,254.3848,1.634229,869.3444,18.039,7.757974,0.08291072,0.9362425,0.9310142,0,-3.067341,0.9852701,293.4688,352.4111,280.7802976,281.9243,-64.83624,-5.893892,61.51558,-9.646117,-115.6714,15.96649,,0,14.68921,16.82559,14.39882,15.71023,17.66048,19.08474,18.23533,19.29881,19.63736,20.40122,11.77555,14.00111,5.327778,4.107778,10.62889,15.72889,15.63444,19.31555,19.01333,19.66444,-18.48831,-30.58526,-11.90675,-20.12257,-19.30544,0.5,1940,46.66895,2340.274,234.114,136.9306,260,57.65254,KormannMeixner
5/4/19 5:00,1564,New Ripp #3,11.94183,0.1960819,7,36000,2.196877,7,36000,-13.57878,7,36000,-64.24794,-47.513716,-50.37886,-56.39623,-30.48813,-50.81781,-49.48755,-31.11918,-24.59936,-17.76761,-29.86979,-29.3837,0.3020156,-6.180943,0.01508239,4,0.1106846,0.09867494,0.2842949,8.913241,86.83681,6.826077,0.994439,1.146339,9.825239,81.89472,6.873102,0.9976799,1.218976,8.900146,87.14048,6.872125,0.9975672,1.145202,7.663895,100.3589,2.212959,0.8278062,0.5653461,-0.05251703,0.4860581,-0.02050727,0.1127875,10.72342,0.3905389,270,0.9792847,0.8294719,356.3699,31.68145,273.6301,3.273882,868.212,12.67813,7.639672,0.215617,0.9360787,0.9307991,0,-1.866146,1.716032,289.3503,350.0161,280.3020285,281.1699,-65.1344,-4.468631,66.34039,-4.196494,-108.1707,15.9725,,0,14.32913,16.55642,14.06699,15.42048,17.35891,18.85085,17.8922,18.99521,19.29776,20.07755,11.78889,13.98667,5.145555,4.106667,10.71778,15.40555,15.37667,19.03555,18.77111,19.29778,-19.25968,-31.79687,-12.72052,-20.94802,-20.10385,0.5,1941,11.64154,469.0629,53.6282,32.70075,260,84.58298,KormannMeixner
5/4/19 5:30,1565,New Ripp #3,11.88514,0.1101613,1,36000,6.59755,1,36000,-30.46805,1,36000,-57.48237,-46.46772,-45.05191,-63.24124,-31.58863,-39.81762,-52.6392,-25.01813,-30.53106,-18.12074,-18.3003,-31.86365,0.7299515,-4.618085,0.03533009,1,0.1695981,0.144841,0.143218,9.8797,80.07668,6.607393,0.979293,1.223266,10.49964,77.01548,6.639161,0.9814312,1.275244,9.680657,81.41076,6.654018,0.9824283,1.207013,7.526711,100.3622,2.938127,1.47981,0.3415165,-0.730162,0.3501872,-0.05116567,0.2171897,11.3852,0.3946008,270,1.68229,1.650142,333.7374,11.1972,296.2626,4.134719,830.6172,5.22271,7.497418,0.05560295,0.9362006,0.9309178,36.32682,15.90212,6.223384,290.0323,357.1934,281.7280516,282.2368,-69.86521,-2.704108,70.89841,1.627906,-100.6703,15.97858,25.63601,0.8333333,13.92869,16.22396,13.73164,15.06224,17.01485,18.56083,17.55387,18.64457,18.88598,19.66046,11.77,13.95555,5.127778,4.034444,10.69,15.06778,15.06889,18.83667,18.46444,18.93889,-20.03378,-32.71018,-13.46789,-21.51732,-20.77555,0.778,3003,17.5536,695.7921,80.15746,48.3656,260,79.4855,KormannMeixner
5/4/19 6:00,1566,New Ripp #3,11.93178,0.0139443,7,36000,14.51586,7,36000,-23.06792,7,36000,-16.58122,-35.8410334,-38.67797,-39.203073,-25.09482,-22.424769,-53.804535,-18.27363,-7.271843,-11.25636,-1.442259,-33.11111,3.725415,-1.589153,0.04695042,1,0.1958207,0.09527007,0.1752135,10.99885,75.61976,6.858265,0.9963663,1.318463,11.42714,73.62485,6.880178,0.9978634,1.356559,10.64672,77.45758,6.867986,0.9970045,1.287843,7.612345,100.3769,3.58696,1.049767,0.3648774,-1.113205,0.3957384,-0.04865993,0.2463383,12.3304,0.4974993,270,1.570208,1.530111,313.32,12.94374,316.68,3.376813,819.1464,2.579744,7.598037,0.07953756,0.9370877,0.9318845,24.48827,76.12746,18.26513,290.7237,365.1673,283.2873654,283.6349,-76.36195,-1.918405,75.27174,7.17187,-93.16989,15.98458,7.815151,1,13.71029,15.91286,13.59412,14.78881,16.80102,18.31233,17.41382,18.40981,18.53437,19.27411,11.63556,13.88444,5.064445,4.058889,10.59778,14.90222,14.93556,18.64889,18.33333,18.74222,-20.40434,-31.93123,-13.83846,-20.98251,-20.693425,1,3887,12.68966,389.8303,52.27507,32.76711,260,86.17773,KormannMeixner
5/4/19 6:30,1567,New Ripp #3,11.99939,-0.1227206,9,36000,28.07822,9,36000,-0.4995921,9,36000,45.40135,-15.4040426,0.56913,1.95395,-27.14841,-20.288193,-32.10669,20.39911,31.13121,-13.54324,-0.890233,-12.49272,0.6810372,-0.01779287,0.06044674,1,0.2227646,0.001822936,0.2364864,12.71626,68.80479,7.135132,1.015567,1.476544,12.93621,67.87229,7.146352,1.016348,1.497943,12.18715,71.21088,7.130961,1.015206,1.426069,7.709444,100.3967,4.815948,0.8460834,0.4130382,-1.182341,0.4817944,-0.06160299,0.2650406,13.861,0.3879275,270,1.509308,1.453891,305.5874,15.52089,324.4126,3.578001,812.9203,2.244822,7.697905,0.1334362,0.9387372,0.9337152,21.37498,165.5458,35.36147,293.0069,377.7898,285.7043102,285.7345,-85.07128,-0.2883303,79.54234,12.97523,-85.66926,15.99057,4.402862,1,13.9431,15.71227,13.7885,14.74797,16.74259,18.14939,17.47549,18.32549,18.30686,19.01525,11.64667,13.98555,4.918889,4.006666,10.57556,14.92555,14.96889,18.48,18.4,18.59111,-19.82998,-29.17726,-13.60517,-19.39796,-19.61397,1,3913,28.92493,80.17889,41.16547,31.15257,260,99.75944,Kljun et al
5/4/19 7:00,1568,New Ripp #3,12.3042,-0.2039365,7,36000,49.91455,7,36000,31.01184,7,36000,113.202,16.2525,22.28277,71.9237,7.53544,-5.62784,-14.85157,39.47776,92.55256,20.37832,11.75184,2.435765,1.012905,0.6212986,0.08607341,1,0.2665853,-0.09508827,0.3580981,14.38104,62.95465,7.417891,1.035468,1.645703,14.57624,62.19799,7.427828,1.036178,1.666564,13.83487,65.28258,7.432782,1.036402,1.588419,7.825251,100.4039,6.303855,0.4850499,0.4859803,-1.582447,0.6153011,-0.06838533,0.3184712,15.52446,0.4275204,270,1.727835,1.655115,287.0413,16.61725,342.9587,3.988552,806.6706,3.305646,7.803343,0.1581667,0.9390463,0.9338694,20.82889,260.4853,54.24963,297.305,390.3386,288.0478316,287.8005,-91.82725,1.206404,83.79563,18.89207,-78.16885,15.99666,3.059778,1,14.72015,15.76204,14.92119,15.12368,16.8433,18.06666,17.65869,18.35594,18.197,18.86527,11.79333,13.99889,4.936666,4.047778,10.68889,15.39111,15.54222,18.40222,18.52444,18.6,-17.19499,-20.62886,-12.84288,-17.37968,-17.287335,1,4022,28.8104,79.71683,40.97857,31.0134,260,99.82127,Kljun et al
5/4/19 7:30,1569,New Ripp #3,12.76638,-0.4325568,5,36000,88.92215,5,36000,72.28567,5,36000,195.947,23.1973896,-4.936214,107.55619,-12.713704,48.86735,-22.786674,8.723096,113.9287,-1.175674,61.53649,-9.622449,0.9995682,0.8129096,0.1076725,1,0.2989524,-0.1986579,0.4543462,15.91363,58.71776,7.833628,1.065471,1.816657,16.07889,58.12329,7.842048,1.066107,1.836329,15.34744,60.91074,7.846014,1.066169,1.751953,8.007683,100.407,7.702221,0.7320793,0.6355182,-1.503587,0.6259204,-0.05430337,0.3362033,17.05973,0.69824,270,1.786882,1.672337,295.9609,20.50809,334.0391,3.982558,812.6072,4.882012,7.98688,0.228136,0.9390738,0.9325273,20.34431,370.8807,75.41835,303.726,403.2414,290.3992656,289.7492,-96.05515,3.460247,88.12735,24.86748,-70.66833,16.00263,2.357023,1,15.13158,15.94355,16.65014,15.99432,17.09372,18.05319,18.43796,18.65188,18.16971,18.77751,11.68333,14.16444,4.911111,4.254445,10.61333,15.78889,16.50444,18.52,19.06555,18.65778,-13.65931,-6.37251,-11.53803,-12.66914,-13.164225,1,4186,30.12918,83.35085,42.85393,32.43273,260,99.82197,Kljun et al
5/4/19 8:00,1570,New Ripp #3,12.95255,-0.4230549,3,36000,107.3568,3,36000,57.97793,3,36000,242.1263,53.0424788,22.12744,136.463514,30.592058,65.831258,10.198124,33.57582,127.5557,40.24806,69.51605,17.76471,0.8966203,0.5400488,0.1283406,1,0.3273261,-0.1464142,0.5712395,17.63998,49.73672,7.01356,1.007428,2.026275,17.82159,49.18415,7.022703,1.008086,2.049845,17.19538,52.22454,7.314625,1.028183,1.970198,7.673503,100.411,10.41759,1.077734,0.6691249,-1.655137,0.7357787,-0.0759299,0.3916382,18.75439,0.4563257,270,2.091808,1.975088,303.07,19.13357,326.93,4.629508,796.6387,12.08482,7.506987,0.2352151,0.9343431,0.9288914,19.63853,427.8472,84.13271,313.2241,414.8123,292.4604485,291.6383,-97.07793,4.510279,92.6506,30.86191,-63.16789,16.00867,1.932406,1,15.516,16.13966,18.44604,17.17962,17.53999,18.16856,19.77034,19.45288,18.29898,18.83085,11.62,14.18889,5.102222,4.097778,10.55667,16.12444,17.66889,18.7,20.23333,18.84778,-11.44838,8.907814,-9.656002,-3.684792,-7.566586,1,4249,28.71159,79.44447,40.83803,30.90703,260,99.82125,Kljun et al
5/4/19 8:30,1571,New Ripp #3,13.13003,-0.6390812,3,36000,141.9653,3,36000,91.99152,3,36000,308.5213,47.0227111,16.298302,123.10829,10.765019,68.049399,16.8925455,25.55845,102.1625,18.0732,64.4947,19.74527,0.8912174,0.6479861,0.1173094,1,0.3137435,-0.24363,0.5438622,19.167,44.60576,6.790825,0.9928588,2.230846,19.3151,44.18005,6.798291,0.993421,2.251825,18.70991,46.74251,7.072326,1.011538,2.167953,7.510216,100.4061,12.58404,0.668025,0.6788747,-1.628451,0.6953504,-0.06070035,0.3786047,20.23902,0.6927032,270,1.889814,1.760136,292.3047,21.21815,337.6953,4.354696,781.7183,6.767339,7.360135,0.3837833,0.940074,0.9334367,19.38289,517.8113,100.4355,317.5816,426.4361,294.4880837,293.2266,-101.7433,7.111207,97.50968,36.83506,-55.66755,16.01474,1.653288,1,16.05517,16.38319,19.96078,18.35007,18.11217,18.38826,20.86714,20.29202,18.56495,19.016,11.77778,14.28889,5.166667,4.297778,10.63222,16.49778,18.81555,18.89,21.37556,19.32,-9.260148,20.94579,-7.308181,3.554699,-2.8527245,1,4314,28.43318,78.65847,40.43904,30.60534,260,99.82914,Kljun et al
5/4/19 9:00,1572,New Ripp #3,13.14651,-0.5671875,1,36000,141.4369,1,36000,110.1369,1,36000,385.9185,57.2238039,35.890893,98.84795,24.158205,76.01691,51.2050615,42.66281,68.46416,28.83538,65.20161,49.18337,0.7508667,0.7786998,0.1028746,1,0.2943267,-0.3122707,0.5871627,20.42047,35.74808,4.730668,0.8611085,2.409903,20.49382,35.56245,4.734365,0.8613976,2.421962,19.97996,37.44635,5.018523,0.8778062,2.34522,6.48895,100.4052,15.60564,1.192152,0.6807878,-1.447916,0.7520224,-0.08384968,0.3812029,21.29785,0.6240902,270,2.00926,1.875555,309.4665,20.89494,320.5335,4.74432,765.7543,6.328495,6.355987,0.3851637,0.9396216,0.9340103,19.03934,625.4114,119.2036,319.0523,439.3415,296.6912869,295.0355,-110.7026,9.586596,102.9003,42.73838,-48.16687,16.02068,1.460366,1,16.66088,16.65269,21.11267,19.43057,18.7486,18.65018,22.07239,21.17445,19.05947,19.40445,11.83222,14.36333,5.117777,4.348888,10.68667,16.98222,19.69111,19.22444,22.68222,20.35778,-6.771917,30.38379,-4.677175,10.8153,2.0216915,1,4321,26.95608,74.55149,38.33259,29.01166,260,99.84489,Kljun et al
5/4/19 9:30,1573,New Ripp #3,13.14956,-0.5190123,3,36000,178.622,3,36000,115.761,3,36000,431.8592,81.6161032,53.059006,120.96683,44.675417,101.13483,88.244433,56.80964,86.12505,46.34158,83.14845,81.12656,0.8151457,0.6480781,0.1526029,1,0.3593931,-0.2703074,0.9054586,21.87571,29.58137,3.254414,0.7774507,2.636228,22.07541,29.21301,3.264108,0.778046,2.6696,21.54475,31.10409,3.698713,0.8010999,2.583558,5.891018,100.3982,18.91553,1.754616,0.9143535,-1.467237,0.8774394,-0.08438617,0.4527416,22.8053,0.7670212,270,2.471062,2.287233,320.0972,22.09278,309.9028,5.936131,746.4052,8.955826,5.710717,0.4982474,0.9403325,0.9344098,18.98195,686.1013,130.4933,326.6766,450.4255,298.5451207,296.3079,-110.543,13.20592,109.0992,48.50512,-40.66645,16.02673,1.322972,1,17.63271,17.03304,22.16675,20.28513,19.51064,19.00731,23.31761,22.16417,19.97501,20.17387,11.85667,14.46,5.435555,4.495555,10.80667,17.59889,20.29778,19.66222,24.07,21.81667,-3.750634,34.84178,-1.666163,17.98638,7.117873,1,4322,27.46738,76.01167,39.06799,29.56746,260,99.82231,Kljun et al
5/4/19 10:00,1574,New Ripp #3,13.17011,-0.557081,1,36000,180.5572,1,36000,120.7851,1,36000,424.9439,64.86740806,58.18295554,37.536715,51.226282,77.37607,100.0150178,58.12183,-1.219705,49.583,53.3997,87.99627,0.8028139,0.6689578,0.1597497,1,0.3683564,-0.2761316,0.8411936,23.03891,27.70263,3.381586,0.7835221,2.827876,23.08345,27.59905,3.383858,0.7837169,2.836629,22.683,29.0756,3.780384,0.804898,2.767573,5.895464,100.3916,20.52912,1.044465,0.8362491,-1.896335,0.8873574,-0.08152249,0.4423478,23.82129,0.5741465,270,2.353247,2.164954,298.8451,22.91227,331.1549,5.409433,737.8901,4.58035,5.732038,0.3860396,0.9416877,0.9351201,18.68436,680.0094,127.2486,330.2546,458.0714,299.8040736,297.705,-115.2643,12.55244,116.5143,54.03656,-33.16599,16.03277,1.224092,1,18.3844,17.50296,22.34804,20.96802,20.38076,19.43117,24.5724,23.15538,21.1088,21.13155,12.02222,14.46111,5.317778,4.454444,10.92,18.31778,20.88889,20.15778,25.34,23.33778,0.06112554,38.75642,1.643282,23.97637,12.01874777,1,4326,28.60221,79.14088,40.68213,30.78907,260,99.82213,Kljun et al
5/4/19 10:30,1575,New Ripp #3,13.148,-0.6452872,1,36000,257.9765,1,36000,181.358,1,36000,576.7126,69.029394,30.86783,18.85156,64.492115,121.66808,109.267385,27.89951,-13.47182,59.09561,92.24315,93.07076,0.8369315,0.7030021,0.1741323,1,0.3855014,-0.3979471,0.8557219,24.38609,27.25917,4.290249,0.8356357,3.067871,24.36455,27.23607,4.289465,0.8357137,3.065823,23.97389,28.96832,4.833376,0.8665189,2.992995,6.319237,100.3642,22.30109,1.057702,0.7954605,-1.655449,0.9338047,-0.06511263,0.4546374,25.15517,0.8669592,270,2.151929,1.964493,302.5753,23.90551,327.4247,6.244378,734.6622,5.257172,6.085647,0.4508203,0.9414383,0.934521,18.70118,882.5537,165.0772,333.4844,474.2482,302.416622,299.2976,-121.6587,19.10508,125.744,59.1753,-25.6654,16.03873,1.15332,1,18.92843,17.93742,21.95902,21.0561,21.34579,19.92882,25.85499,24.15752,22.38293,22.19354,12.09111,14.46667,5.446667,4.572222,11.04111,18.90333,21.00667,20.75556,26.54667,24.86667,2.96832,32.32338,5.396505,29.42493,16.196625,1,4316,28.96183,80.10841,41.18969,31.17358,260,99.83222,Kljun et al
5/4/19 11:00,1576,New Ripp #3,13.15167,-0.7085705,1,36000,283.3835,1,36000,232.4572,1,36000,650.5622,94.2815419,47.227929,35.454923,71.423353,155.19152,162.1099845,42.10088,7.665963,61.74569,117.7662,140.8338,0.8947355,0.8202919,0.201286,1,0.4153295,-0.4754142,0.951304,25.59014,25.27249,4.226476,0.832273,3.295669,25.50702,25.32949,4.222808,0.832207,3.282074,25.19609,26.86439,4.796164,0.8645612,3.219338,6.279187,100.3318,24.49867,0.9657519,0.8493744,-1.939548,0.9749755,-0.07328918,0.4802021,26.29766,0.8886326,270,2.358917,2.166674,296.4701,23.12354,333.5299,6.522505,726.1544,5.578201,6.036837,0.4856374,0.9409497,0.9338015,18.40817,981.6402,180.7781,337.1346,487.4345,304.4971986,300.8945,-127.7914,22.50846,137.5999,63.66351,-18.16511,16.0448,1.104622,1,19.51288,18.35104,21.91941,21.06507,22.43949,20.52146,27.61843,25.40651,23.9417,23.43958,11.93556,14.43556,5.523334,4.728889,11.25778,19.40444,21.1,21.42222,28.05333,26.67111,5.127049,27.78896,9.677663,37.42532,21.2761845,1,4316,29.46669,81.49837,41.90743,31.71681,260,99.83287,Kljun et al
5/4/19 11:30,1577,New Ripp #3,13.15967,-0.6116859,1,36000,242.0789,1,36000,216.0318,1,36000,647.6229,84.8795511,41.278373,27.515211,73.57666,132.38741,149.6401015,33.90879,1.612061,59.29712,87.25559,123.3894,0.7810689,0.8924023,0.1566956,1,0.3669335,-0.5013843,1.020427,26.20985,24.65769,4.406134,0.8426528,3.419199,26.1515,24.68768,4.40362,0.8426455,3.410537,25.84287,26.22094,5.003403,0.8770125,3.345812,6.355733,100.2872,25.67892,1.422117,0.8951713,-1.577694,1.000877,-0.09156113,0.4876147,26.9542,0.9741471,270,2.324401,2.124023,312.0313,23.78235,317.9688,6.777246,722.4572,5.973477,6.099315,0.4742592,0.9412966,0.9337497,18.24312,983.9839,179.52,335.9046,492.7458,305.3233143,301.4157,-132.249,24.59211,152.8878,67.09545,-10.66449,16.05077,1.074089,1,20.18692,18.82858,21.98618,21.20092,23.75496,21.23027,29.32018,26.79403,25.7805,24.97492,11.87889,14.4,5.558889,4.662222,11.37111,19.96,21.23111,22.20444,29.6,28.66333,7.369583,25.90315,14.27954,45.13182,26.2507015,1,4324,26.36809,72.93072,37.49637,28.37878,260,99.84511,Kljun et al
5/4/19 12:00,1578,New Ripp #3,13.17092,-0.5130734,1,36000,285.9462,1,36000,212.0556,1,36000,660.6123,97.916708,51.45281,39.70851,96.45384,135.90609,166.06229,42.20248,15.9333,76.82692,85.02664,135.9974,0.8449293,0.7415927,0.1189264,1,0.3201123,-0.5659584,0.9679477,27.13865,21.2941,3.075918,0.7687995,3.610461,26.95931,21.44202,3.067854,0.7685338,3.576265,26.73018,22.98775,3.862376,0.810429,3.524906,5.855827,100.2506,28.07731,0.1052591,0.8607285,-1.968318,0.9846601,-0.09412839,0.474854,27.69349,0.9416554,270,2.158665,1.971135,273.061,23.8741,356.939,6.277238,714.7964,5.195892,5.54754,0.5716406,0.9412516,0.9338835,18.10392,1006.585,182.2314,335.9238,499.665,306.3895633,302.6533,-139.966,23.77518,171.5437,68.94058,-3.163999,16.05676,1.059731,1,20.65393,19.24984,22.01224,21.26324,25.1389,22.0081,30.79112,28.03896,27.51832,26.49187,12.02667,14.40666,5.463333,4.897778,11.55222,20.43555,21.3,23.17777,30.97889,30.53,9.25033,23.77521,19.62692,50.87945,30.06489,1,4324,24.11088,66.68994,34.28327,25.94729,260,99.85532,Kljun et al
5/4/19 12:15,1578.5,,13.17858,-0.50991045,1,36000,280.67825,1,36000,215.1342,1,36000,658.9774,95.0858855,51.411495,35.7289925,96.57325,141.39979,150.3159,41.403755,11.6188325,74.239275,88.16163,118.69295,0.83735985,0.76695575,0.1293732,1,0.3337452,-0.5516611,1.14662885,27.299535,21.92089,3.626467,0.7991879,3.644701,27.11992,22.08198,3.618318,0.79889065,3.6100605,26.89534,23.600055,4.3756145,0.8404327,3.5593735,6.0691495,100.234,28.111695,-0.0664801,1.02960475,-1.881308,0.99009295,-0.084093955,0.47364195,27.883695,0.91600955,270,2.167873,1.890589,267.7492,28.56632,182.250796,6.346138,713.16045,4.984332,5.763622,0.53719935,0.940003,0.93311665,18.074355,1003.806,181.4341,337.8099,501.20445,306.6250138,302.9434,-139.9079,23.486675,181.54245,68.862505,0.586197,16.059775,1.0601195,1,20.884135,19.45562,22.14261,21.36798,25.74804,22.4359,31.39389,28.617115,28.322085,27.221585,12.08167,14.40444,5.5538885,4.9522225,11.56722,20.658885,21.33889,23.671105,31.57611,31.36889,10.00774,24.11016,22.333975,53.23816,31.62295,1,4326,24.97531,69.076595,35.51324,26.878115,260,99.8529,
5/4/19 12:30,1579,New Ripp #3,13.18624,-0.5067475,1,36000,275.4103,1,36000,218.2128,1,36000,657.3425,92.255063,51.37018,31.749475,96.69266,146.89349,134.56951,40.60503,7.304365,71.65163,91.29662,101.3885,0.8297904,0.7923188,0.13982,1,0.3473781,-0.5373638,1.32531,27.46042,22.54768,4.177016,0.8295763,3.678941,27.28053,22.72194,4.168782,0.8292475,3.643856,27.0605,24.21236,4.888853,0.8704364,3.593841,6.282472,100.2174,28.14608,-0.2382193,1.198481,-1.794298,0.9955258,-0.07405952,0.4724299,28.0739,0.8903637,270,2.177081,1.810043,262.4374,33.25854,7.562592,6.415038,711.5245,4.772772,5.979704,0.5027581,0.9387544,0.9323498,18.04479,1001.027,180.6368,339.696,502.7439,306.8604642,303.2335,-139.8498,23.19817,191.5412,68.78443,4.336393,16.06279,1.060508,1,21.11434,19.6614,22.27298,21.47272,26.35718,22.8637,31.99666,29.19527,29.12585,27.9513,12.13667,14.40222,5.644444,5.006667,11.58222,20.88222,21.37778,24.16444,32.17333,32.20778,10.76515,24.44511,25.04103,55.59687,33.18101,1,4328,25.83974,71.46325,36.74321,27.80894,260,99.85048,Kljun et al
5/4/19 13:00,1580,New Ripp #3,13.19665,-0.4761772,1,36000,254.6926,1,36000,191.767,1,36000,647.3817,77.4941106,41.35217,28.917033,67.36622,110.21276,139.62237,29.14977,5.262743,38.03193,51.89182,104.3607,0.7420899,0.752935,0.09021899,1,0.2792938,-0.5883887,0.8982071,27.9898,22.1508,4.364914,0.8405543,3.794551,27.72395,22.42837,4.352598,0.8399751,3.739447,27.53344,24.05843,5.196292,0.8890901,3.6948,6.407058,100.1873,28.99472,-0.40454,0.8693815,-1.806022,0.9245701,-0.08363013,0.4309991,28.52909,0.8756481,270,2.057755,1.850775,257.3745,25.68932,12.62549,5.931671,709.3575,4.672665,6.048175,0.5061392,0.9415079,0.9341334,18.02383,990.3282,178.4947,341.1777,505.6295,307.2998415,303.7846,-141.8648,22.58701,209.7648,66.66673,11.83694,16.06879,1.076471,1,21.52238,20.05208,22.26858,21.5629,27.28129,23.65834,32.94275,30.15354,30.50971,29.25298,12.24667,14.4,5.667778,5.116667,11.72444,21.34,21.50222,25.13222,33.11777,33.59555,12.2024,23.65429,29.33429,58.32094,35.26167,1,4330,23.30356,64.4561,33.13381,25.07747,260,99.86024,Kljun et al
5/4/19 13:30,1581,New Ripp #3,13.2068,-0.4579085,1,36000,262.0449,1,36000,187.3145,1,36000,621.0948,82.068603,37.58727,33.66709,95.45271,107.07557,136.560375,24.30501,10.84096,63.17519,47.66008,100.2115,0.7858154,0.7148183,0.1195553,1,0.3218541,-0.4996718,1.246837,28.58508,22.43684,5.03999,0.8813987,3.928062,28.20414,22.85776,5.022169,0.8804646,3.845542,28.06821,24.39474,5.843418,0.9302222,3.811877,6.691527,100.1492,29.65077,0.1895109,1.17814,-1.368723,0.9639912,-0.05643687,0.4199775,29.04991,0.8774501,270,1.855222,1.381779,277.883,40.91861,352.117,5.376866,707.7682,4.774261,6.329575,0.5527049,0.9400483,0.9329531,18.05653,959.6523,173.2797,342.3227,507.6004,307.5988618,304.4337,-144.8604,20.41742,224.5024,63.04447,19.33726,16.07479,1.108624,1,21.94275,20.42678,22.35016,21.65294,28.04337,24.37256,33.71676,30.95479,31.71476,30.41028,12.14,14.4,5.878889,5.144444,11.73444,21.73778,21.68,26.00333,33.94222,34.80222,13.28226,22.82613,32.27752,59.41549,36.348875,1,4332,26.75519,73.98094,38.0442,28.79367,260,99.85255,Kljun et al
5/4/19 14:00,1582,New Ripp #3,13.2101,-0.4828767,1,36000,301.7791,1,36000,174.2936,1,36000,579.9124,67.4700348,44.184,32.404884,60.0722,87.34126,113.34783,29.88713,9.747914,26.14062,27.87803,76.46778,0.8721357,0.5775536,0.08215784,1,0.2670717,-0.5614075,1.137187,29.15157,21.76748,5.061034,0.8833577,4.059041,28.71397,22.23683,5.040565,0.8822596,3.960294,28.63212,23.77407,5.936893,0.9365584,3.938734,6.724618,100.1218,30.78035,0.8027437,1.098772,-1.155412,0.9468195,-0.07336752,0.4130452,29.56308,0.7918659,270,1.813661,1.406906,304.7902,38.35954,325.2098,6.099787,705.1052,4.507824,6.331861,0.6122049,0.9402042,0.9315208,18.15611,905.6487,164.4289,346.4893,507.7967,307.6285963,304.8588,-143.4214,17.88606,235.9057,58.43786,26.83788,16.08077,1.159552,1,22.34108,20.79327,22.49744,21.78154,28.56522,24.97638,34.24253,31.60702,32.75475,31.43571,12.09778,14.38778,5.726666,5.093333,11.91444,22.14778,21.77555,26.70222,34.64666,35.78,14.29687,22.65697,33.93158,59.46323,36.88005,1,4336,23.35514,64.59657,33.20691,25.13282,260,99.86103,Kljun et al
5/4/19 14:30,1583,New Ripp #3,13.21592,-0.4398858,1,36000,300.9612,1,36000,169.4,1,36000,526.8312,58.6633134,59.08206,35.37073,50.91409,62.174307,85.77538,43.48211,12.6101,16.76353,4.730017,49.25326,0.9380106,0.5628632,0.08217224,1,0.267205,-0.5459335,0.8303894,29.32763,20.67918,4.47659,0.8481752,4.100601,28.89337,21.12068,4.456384,0.8471305,4.00171,28.7274,22.6805,5.341581,0.8988143,3.960768,6.45139,100.0857,31.54579,-0.4612564,0.9269449,-1.20406,0.8139037,-0.03668076,0.3729782,29.70935,0.8035566,270,1.60147,1.289385,249.0389,35.75711,20.96106,5.234549,703.8085,4.510495,6.075962,0.6042143,0.9408353,0.9324048,18.35472,837.8538,153.7772,348.3068,505.5521,307.2880808,305.1906,-143.7399,13.5055,244.8156,53.229,34.33834,16.08679,1.233106,1,22.84532,21.18423,22.66403,21.93906,28.71298,25.43175,34.41421,32.03009,33.58467,32.30031,12.10444,14.35111,5.978889,4.966667,11.92333,22.65333,21.90222,27.23666,34.9,36.45111,15.59995,22.76063,34.15056,57.44429,36.52212,1,4332,25.12562,69.47405,35.72433,27.03813,260,99.86069,Kljun et al
5/4/19 15:00,1584,New Ripp #3,13.22241,-0.3760204,1,35984,236.4833,1,35984,120.076,1,35984,464.4018,58.0654882,46.53583,95.6265,28.837843,45.732723,73.594545,29.16192,70.08897,-4.016647,-7.990457,38.046,0.8116055,0.5077568,0.1135492,2,0.31428,-0.3293493,1.032206,29.50512,20.8292,4.737388,0.8629524,4.142674,29.09275,21.26111,4.718107,0.8619043,4.047015,28.95926,22.73484,5.57599,0.9127446,4.014046,6.546544,100.0459,31.8511,0.1781319,1.018159,-1.151858,0.9485109,-0.02270935,0.3578998,29.92389,0.6505709,270,1.599582,1.165551,278.791,42.19316,351.209,4.557703,701.4818,3.958746,6.178272,0.5369514,0.9322123,0.8838803,18.53952,754.8649,139.9298,351.7263,502.2595,306.7865215,305.2256,-140.5469,9.986289,252.0162,47.65719,41.83866,16.09278,1.335972,1,23.34026,21.61096,23.33536,22.27377,28.46777,25.68188,34.43196,32.23078,34.12755,32.92875,12.19333,14.35667,5.998888,5.053333,11.88444,23.24555,22.07667,27.56666,34.84333,36.9,17.37391,25.53753,32.85449,53.72318,35.548545,1,4336,29.55947,81.73125,42.03559,31.81417,260,99.84236,Kljun et al
5/4/19 15:30,1585,New Ripp #3,13.2347,-0.3528348,1,36000,238.2336,1,36000,100.3731,1,36000,398.7392,65.207316,33.91501,195.08802,14.21591,59.173925,23.643715,15.8214,158.4294,-16.34481,9.437605,-10.27125,0.9218685,0.4213223,0.1252002,1,0.330102,-0.2622331,1.192374,29.54664,21.15807,4.999732,0.8787389,4.152576,29.14131,21.59719,4.980697,0.87766,4.057724,29.08327,22.93422,5.802263,0.9275647,4.04301,6.650024,100.0124,31.80064,0.872021,1.04915,-1.615257,1.042705,-0.08908086,0.4436199,29.98807,0.5435358,270,2.155198,1.835622,298.363,31.19096,331.637,5.873616,700.0956,3.456923,6.290407,0.5275532,0.9362472,0.929368,18.82193,667.8984,125.6877,353.3702,496.8418,305.9558538,304.8214,-136.3015,7.170011,258.0737,41.86833,49.33935,16.09874,1.47914,1,23.66708,21.9914,25.04337,23.13221,28.15732,25.77475,34.38893,32.31226,34.34359,33.31397,12.14333,14.55111,5.887777,5.021111,11.76889,23.60222,22.75333,27.79,34.37333,36.91667,18.09361,36.65862,30.56072,49.73632,33.914965,1,4345,26.23321,72.59481,37.31034,28.23745,260,99.82879,Kljun et al
5/4/19 16:00,1586,New Ripp #3,13.23889,-0.2773691,1,36000,194.812,1,36000,65.92276,1,36000,326.6772,53.1190214,79.00088,145.29134,10.43017,8.75224,22.120477,60.886,92.44454,-17.63496,-36.80496,-9.715563,0.8442956,0.3383918,0.1187946,1,0.3214892,-0.1768021,0.8727602,29.32498,20.8941,4.644305,0.8565747,4.099738,28.98326,21.26312,4.628271,0.8556738,4.020201,28.87925,22.5401,5.386992,0.9006701,3.995445,6.461688,99.98774,31.64527,0.1895375,0.919885,-2.053924,0.8456467,-0.09421325,0.4292012,29.80846,0.4046056,270,2.262113,2.062655,275.2723,24.05212,354.7277,6.040567,700.3146,2.801728,6.136323,0.4514399,0.9409925,0.9339754,19.27485,575.2241,110.8321,352.1727,489.8873,304.87954,304.2729,-133.9816,3.733048,263.3719,35.95586,56.83967,16.1048,1.681036,1,24.07978,22.31307,26.87466,24.44921,27.84356,25.77581,34.12973,32.2482,34.21076,33.4277,12.18,14.56,5.75,4.794445,11.73444,23.87667,24.04222,27.6,33.81778,36.79778,18.11488,52.8468,28.06513,45.5572,31.83604,1,4342,26.30315,72.80236,37.41217,28.31429,260,99.82205,Kljun et al
5/4/19 16:30,1587,New Ripp #3,13.32131,-0.2009422,1,36000,152.0321,1,36000,33.95467,1,36000,249.2365,25.164706,32.51677,109.67055,12.31554,-5.4014,-23.27793,13.32624,50.68561,-13.18929,-46.14273,-53.24386,0.718303,0.2233388,0.1020965,1,0.2979788,-0.09821466,0.8598601,29.21041,20.83937,4.514975,0.848779,4.072676,28.79206,21.3071,4.495271,0.8476401,3.975534,28.70697,22.67717,5.329046,0.8971485,3.955744,6.440097,99.96214,31.27894,0.6402881,0.9062397,-1.93621,0.8548544,-0.1121017,0.4094798,29.60913,0.2767167,270,2.248246,2.039339,288.2986,24.69107,341.7014,5.804196,701.1527,2.460359,6.08275,0.4377696,0.9406801,0.9335766,19.71345,473.1243,93.22983,352.0601,482.718,303.7579189,303.86,-131.4613,-0.8033364,268.1733,29.98229,64.34016,16.11073,1.974713,1,24.69373,22.70123,27.59043,25.35449,27.48505,25.70204,33.62631,31.99698,33.49855,33.08967,12.41,14.71444,5.851111,4.691111,11.68778,24.32222,24.99333,27.46,33.23222,36.05555,19.19053,58.98494,25.50483,40.74133,29.96593,1,4371,25.8185,71.46805,36.72313,27.79278,260,99.82117,Kljun et al
5/4/19 17:00,1588,New Ripp #3,13.53136,-0.1579496,5,36000,133.3706,5,36000,6.640478,5,36000,171.4938,5.7180828,12.72321,55.522239,5.8169,7.42862,-52.900555,-5.95324,-1.971191,-17.17203,-28.09128,-79.99873,0.7067406,0.04978967,0.1427996,1,0.3522471,-0.0162324,0.8286225,28.77938,21.74557,4.782176,0.8638386,3.972395,28.47125,22.11312,4.767574,0.8629623,3.90205,28.35175,23.61572,5.622349,0.9151021,3.875023,6.576758,99.95197,30.39088,0.004432167,0.7887979,-2.462633,0.8979041,-0.08912934,0.478342,29.30229,0.1525969,270,2.585067,2.462644,270.1031,17.62706,359.8969,6.11385,702.0201,1.591119,6.199526,0.3215935,0.9399064,0.9327088,20.30159,369.7552,74.99656,350.9752,474.24,302.4153148,303.112,-127.8038,-4.538967,272.6638,23.99497,71.84058,16.11674,2.426241,1,24.45458,22.9652,27.66648,25.82063,27.13119,25.59682,32.94628,31.61425,32.56563,32.42845,12.33333,14.71222,5.715555,4.651111,11.58556,24.32444,25.53333,27.20333,32.54,34.79333,18.67645,57.49343,22.98893,35.5199,27.098175,1,4437,25.78147,71.39194,36.67464,27.75568,260,99.80912,Kljun et al
5/4/19 17:30,1589,New Ripp #3,12.8893,-0.08801618,1,36000,108.4241,1,36000,-17.6722,1,36000,88.21102,-12.403047,5.09246,21.22024,-5.03373,-42.39262,-40.901585,-11.41143,-29.3793,-25.5917,-71.58366,-63.74905,0.7060541,-0.1629913,0.1550112,1,0.3667288,0.04143399,0.7836778,28.30985,22.12972,4.645775,0.8553639,3.86572,28.00126,22.5125,4.631114,0.8544781,3.796934,27.87463,24.03845,5.477979,0.9058868,3.768965,6.520863,99.94041,29.42455,0.2493588,0.7697074,-2.362203,0.8749547,-0.1149558,0.4575589,28.82288,0.1882385,270,2.498835,2.375328,276.0259,18.00785,353.9741,5.672795,704.2162,1.078266,6.148294,0.272136,0.9331406,0.9266353,21.05615,259.5135,54.54163,349.0716,465.8324,301.0659623,302.3064,-124.6385,-7.877667,276.9821,18.03352,79.34106,16.12276,3.184943,1,24.19361,23.03373,27.18962,25.85478,26.75284,25.45702,31.96527,31.03361,31.63511,31.65293,12.36333,14.72667,5.66,4.596666,11.41889,24.2,25.58666,26.95111,31.75333,33.46778,16.50389,50.59954,20.55797,29.19104,22.847465,1,4218,27.90028,78.23328,39.85113,30.14426,260,99.37683,Kljun et al
5/4/19 18:00,1590,New Ripp #3,12.41225,0.04515869,1,36000,85.56527,1,36000,-51.28637,1,36000,11.67023,-21.875295,36.9079,-45.95304,-1.28059,-37.91857,-61.132175,21.71564,-85.63924,-19.44067,-59.7355,-79.63677,0.6099291,-0.599383,0.1696209,1,0.3832012,0.1148306,0.6527839,27.61091,22.8017,4.489727,0.8459024,3.711632,27.29749,23.21046,4.4748,0.8450011,3.644428,27.15665,24.58529,5.195503,0.8882084,3.614177,6.408942,99.92213,27.99427,0.6306112,0.6395181,-2.182322,0.8402383,-0.09478258,0.4365592,28.10825,0.3330706,270,2.362523,2.271612,286.1173,15.88926,343.8827,5.993634,708.6694,1.491754,6.094487,0.2381248,0.9390228,0.9298124,22.02187,157.1109,34.51156,345.8353,456.7644,299.5899891,301.2295,-121.1627,-10.23365,281.2379,12.13807,86.84166,16.12866,4.675745,1,24.40796,23.09982,26.14938,25.4817,26.35553,25.29271,30.7742,30.25456,30.77234,30.88443,12.33889,14.62,5.684444,4.472222,11.31222,24.24889,25.23556,26.64889,30.71444,32.30222,15.19226,39.6862,18.16008,21.81693,18.504595,1,4057,30.0122,85.44264,43.09,32.57094,260,98.84036,Kljun et al
5/4/19 18:30,1591,New Ripp #3,12.30053,0.08438094,5,36000,29.59214,5,36000,-33.04287,5,36000,-52.81756,-21.584191,2.65537,-44.55607,-17.84303,-25.17627,-23.000955,-12.69129,-71.28793,-33.59587,-40.89996,-38.53613,0.2569907,-1.11661,0.06713719,1,0.2405139,0.1172441,0.3054243,26.03721,28.20768,6.19042,0.9522357,3.3853,25.75577,28.66153,6.176774,0.9513283,3.329469,25.64073,29.83851,6.672503,0.9841713,3.306479,7.137856,99.92142,23.78141,0.435866,0.4343743,-1.778702,0.571949,-0.09265513,0.3082886,26.66419,0.617198,270,1.882459,1.831331,283.7688,13.34918,346.2312,4.76312,714.48,2.975358,6.897156,0.3021672,0.9378925,0.9316183,24.49999,64.08302,15.52428,342.0321,443.4084,297.3755199,299.422,-113.8688,-12.49248,285.5247,6.370111,94.34197,16.13469,8.704329,1,24.41643,23.27327,24.91741,24.79081,25.93092,25.0941,29.7337,29.4634,29.97403,30.15036,12.31444,14.60111,5.752222,4.491111,11.19222,24.30889,24.63667,26.33111,29.82333,31.25889,15.34666,26.73186,15.75284,15.72369,15.535175,1,4016,27.29778,79.09428,39.40964,29.76638,260,98.27461,Kljun et al
5/4/19 19:00,1592,New Ripp #3,12.24986,0.1654931,3,36000,15.31451,3,36000,-36.43027,3,36000,-86.76162,-39.3836244,-19.40013,-63.24256,6.689563,-67.02128,-53.943715,-32.45543,-79.13256,-6.667337,-77.74911,-65.83528,0.613789,-2.378807,0.03213594,1,0.1658423,0.1861061,0.1552679,23.64915,35.70489,7.569078,1.046134,2.935783,23.68014,35.64558,7.570595,1.046236,2.941221,23.44497,37.32311,8.040703,1.080291,2.899562,7.892661,99.93237,18.94986,0.7453652,0.3486018,-1.415071,0.3720817,-0.08111775,0.2248728,24.67249,0.6298767,270,1.636248,1.599378,297.7772,12.15889,332.2228,3.190671,726.8362,4.979797,7.637841,0.1383194,0.9363692,0.9231914,22.0505,6.935425,2.953588,336.7491,427.4926,294.6703138,296.6509,-102.511,-11.76752,289.9274,0.8405904,101.8425,16.1407,32.50448,0.6888888,23.79497,23.30034,23.90736,24.13219,25.50328,24.90875,28.81451,28.75977,29.30516,29.56907,12.24889,14.54333,5.604445,4.43,11.13556,23.92333,23.88222,26.04667,28.94333,30.3,13.0553,15.89,13.3569,10.72783,11.891565,0.672,2694,17.4675,731.5181,81.67342,48.86666,260,78.98499,KormannMeixner
5/4/19 19:30,1593,New Ripp #3,12.22466,0.2140161,3,36000,17.33518,3,36000,-42.78887,3,36000,-91.36759,-48.6226651,-32.740261,-70.60841,-28.22656,-56.255356,-55.2827385,-41.77614,-77.46893,-38.99903,-62.12302,-62.73451,0.732424,-2.468325,0.0433652,1,0.1921378,0.1876828,0.2111717,21.93688,39.146,7.404788,1.034539,2.645681,22.14681,38.6997,7.415147,1.035262,2.680667,21.7972,40.84872,7.90807,1.070606,2.623228,7.865341,99.94335,16.45405,0.8439822,0.4145903,-1.356048,0.4395186,-0.06862906,0.2393361,23.12359,0.6767261,270,1.653896,1.597239,301.8975,14.99201,328.1025,4.244501,739.3884,6.19693,7.596866,0.1673735,0.9299404,0.9261429,0,-5.173122,1.112669,332.6896,417.7714,292.9806321,294.6245,-94.67855,-9.596748,294.5272,-4.957442,109.343,16.14662,,0,23.00049,23.06555,22.89561,23.39267,24.93782,24.63207,27.82486,27.97686,28.58059,28.91513,12.14556,14.39222,5.625555,4.287778,11.05667,23.40555,23.17222,25.59778,28.03555,29.40333,9.035879,6.86052,10.77247,5.867664,7.4517715,0.5,2002,13.74023,518.701,61.78423,37.63368,260,83.25762,KormannMeixner
5/4/19 20:00,1594,New Ripp #3,12.21277,0.2005356,1,36000,10.87866,1,36000,-42.02869,1,36000,-89.41757,-41.75381694,-35.470126,-55.5012662,-20.203794,-49.120757,-48.4731415,-40.40227,-55.25488,-28.29063,-50.85253,-51.8051,0.7063654,-3.863406,0.05885378,1,0.223247,0.1577836,0.2936749,20.36356,45.02013,8.045066,1.080674,2.401416,20.62453,44.36182,8.058096,1.081622,2.44098,20.20032,46.77985,8.462421,1.111672,2.377329,8.211569,99.9709,13.59358,1.410274,0.4654337,-0.9488432,0.5429479,-0.0625812,0.275552,21.63967,0.4527431,270,1.769132,1.699756,326.067,16.04008,303.933,3.890424,752.9341,5.782061,7.978168,0.151752,0.9301215,0.9305322,0,-4.949117,1.223169,327.9954,411.2407,291.8288728,293.0254,-90.16704,-6.92176,299.4058,-10.34159,116.8433,16.15263,,0,22.23538,22.70922,22.0026,22.66094,24.35019,24.2941,26.89311,27.19888,27.83895,28.2254,12.17555,14.35778,5.493333,4.178889,10.95556,22.76444,22.45778,25.20333,27.17778,28.51666,4.932144,-0.2463862,8.086836,1.731773,3.3319585,0.5,2000,27.93865,81.43883,40.41991,30.52065,260,98.05931,Kljun et al
5/4/19 20:30,1595,New Ripp #3,12.19076,0.2273853,1,36000,15.69107,1,36000,-45.89434,1,36000,-91.02451,-44.7442188,-47.259491,-69.373216,-13.077912,-36.932843,-57.077632,-48.63599,-63.92935,-18.78501,-35.45238,-57.02565,0.652916,-2.92487,0.1157549,1,0.312529,0.1226162,0.4610705,19.29403,49.25515,8.398497,1.106863,2.247222,19.60445,48.37551,8.414119,1.108032,2.291288,19.11468,51.32145,8.840418,1.140466,2.222247,8.455433,99.99135,11.83255,1.945612,0.6243221,-0.9975362,0.6196214,-0.05539278,0.3852691,20.64066,0.3316153,270,2.267243,2.186437,332.8554,15.29175,297.1446,5.372657,746.5399,3.097927,8.201263,0.1059332,0.9367093,0.9306123,0,-4.540755,1.389416,322.4478,407.5421,291.1704885,291.9598,-89.66349,-4.569145,304.6465,-15.43536,124.3439,16.1586,,0,21.55824,22.31368,21.24873,21.99681,23.82753,23.94213,26.06691,26.47701,27.12058,27.54513,12.13444,14.34333,5.521111,4.242222,11.06778,22.18222,21.80444,24.80889,26.44222,27.75222,1.376499,-5.443866,5.707098,-1.480463,-0.051982,0.5,1999,27.76892,79.92116,40.00346,30.22382,260,98.49541,Kljun et al
5/4/19 21:00,1596,New Ripp #3,12.16654,0.1978507,1,36000,16.08433,1,36000,-48.13669,1,36000,-92.60084,-43.2831993,-46.598666,-51.996413,-19.789514,-54.207677,-43.8237265,-45.07433,-42.64075,-23.61008,-50.20568,-41.06056,0.6154347,-2.992769,0.108393,1,0.3019905,0.1327521,0.4513702,18.55514,49.13045,7.681492,1.054114,2.146094,18.89032,48.17758,7.698306,1.05532,2.191825,18.37987,51.19242,8.124534,1.086411,2.122623,8.074969,100.0161,11.36505,1.749361,0.6229535,-1.144806,0.6113111,-0.07271653,0.3754571,19.87444,0.4076608,270,2.167163,2.090657,326.7987,15.21896,303.2013,5.247672,745.4527,2.09245,7.830225,0.0720666,0.9355085,0.9296563,0,-4.616253,1.489558,316.8596,403.3546,290.4196441,291.2154,-91.06579,-4.570774,310.3327,-20.19726,131.8443,16.16455,,0,20.96639,21.93033,20.59948,21.41674,23.40386,23.61992,25.33285,25.8283,26.45573,26.91223,11.95222,14.24667,5.648889,4.322222,10.88667,21.66889,21.29111,24.42333,25.75,26.96667,-1.524336,-9.355663,3.820566,-4.001997,-2.7631665,0.5,1994,27.72982,80.00445,39.97941,30.20232,260,98.41265,Kljun et al
5/4/19 21:30,1597,New Ripp #3,12.14694,0.190917,1,36000,11.55059,1,36000,-45.95711,1,36000,-90.26485,-40.8567566,-27.402549,-51.6836,-27.630957,-45.210195,-52.356482,-23.45417,-39.08246,-29.95334,-39.02625,-47.29032,0.6313095,-3.978767,0.09645405,1,0.2842954,0.1340886,0.3678826,17.41341,52.47577,7.593149,1.047747,1.997387,17.75896,51.41439,7.610541,1.048988,2.041584,17.23967,54.3421,7.944777,1.073163,1.975579,8.007882,100.0322,9.925958,1.567608,0.5409977,-1.212061,0.5720049,-0.07346477,0.3404368,18.73318,0.3708781,270,2.044674,1.981544,322.2891,14.23281,307.7109,4.568899,750.0413,2.439766,7.813563,0.04596233,0.9364411,0.9305155,0,-4.632809,1.34165,313.2276,397.518,289.3632909,290.1031,-88.50165,-4.211261,316.5435,-24.55279,139.3447,16.17055,,0,20.43001,21.57213,20.01967,20.91013,23.02946,23.33921,24.67318,25.24432,25.85174,26.34492,11.90667,14.31111,5.468889,4.168889,10.89,21.21333,20.78666,24.07333,25.15555,26.31222,-3.948379,-12.60114,2.322383,-6.183945,-5.066162,0.5,1992,28.66279,82.84063,41.35405,31.23772,260,98.33942,Kljun et al
5/4/19 22:00,1598,New Ripp #3,12.13873,0.2241454,1,36000,18.3144,1,36000,-52.32516,1,36000,-90.65654,-43.31934326,-44.123477,-63.89612,-20.8799513,-33.661923,-54.035245,-38.05542,-48.48296,-21.80445,-25.54957,-46.94504,0.6242297,-2.85705,0.1654977,1,0.3720363,0.1164501,0.5744106,16.83344,53.47678,7.335453,1.029502,1.925168,17.23828,52.20627,7.355826,1.030934,1.9754,16.64736,55.50685,7.708005,1.056038,1.902545,7.896149,100.0398,9.444664,1.646962,0.6924582,-1.600241,0.7002997,-0.06509878,0.4229693,18.19391,0.3059257,270,2.38124,2.29636,315.8242,15.29281,314.1758,5.455144,749.7634,1.910451,7.692798,0.0893211,0.9361326,0.93041,0,-4.277006,1.583103,310.1325,394.9289,288.890968,289.4725,-88.11314,-3.3167,323.3437,-28.41191,146.8452,16.17651,,0,19.89915,21.20017,19.46639,20.41427,22.63433,23.05119,24.03706,24.67748,25.26382,25.78679,12.02667,14.21444,5.413333,4.198889,10.69778,20.73111,20.30444,23.74889,24.61667,25.63333,-6.068057,-15.41316,0.9244987,-8.112353,-7.090205,0.5,1988,29.76679,85.04036,42.78651,32.33636,260,98.72292,Kljun et al
5/4/19 22:30,1599,New Ripp #3,12.12803,0.1897261,1,36000,8.741182,2,36000,-47.21508,1,36000,-90.81383,-46.89983368,-49.467611,-57.77246,-25.7305024,-50.449173,-51.079422,-41.55173,-40.09098,-25.36858,-40.70479,-42.24929,0.7284677,-5.401452,0.169909,1,0.3765936,0.1036099,0.6229753,16.26758,54.84933,7.17814,1.018448,1.857077,16.6932,53.47111,7.199576,1.019942,1.908235,16.08738,56.69657,7.494681,1.040731,1.835851,7.796829,100.0433,8.882935,1.85732,0.7300954,-1.613133,0.7164086,-0.08954677,0.4468445,17.63678,0.260695,270,2.544347,2.46005,319.0248,14.74362,310.9752,6.238049,751.0942,1.63949,7.625147,0.07731818,0.9294451,0.922707,0,-4.259581,1.502117,307.2135,392.2656,288.4026797,288.9418,-88.11974,-3.067603,330.7669,-31.67199,154.3456,16.18248,,0,19.40983,20.83652,18.97092,19.95745,22.27113,22.77254,23.45049,24.14978,24.70807,25.25492,11.86,14.20667,5.387778,4.155556,10.72,20.3,19.85111,23.45555,24.06778,25.05333,-7.915881,-17.68148,-0.3619224,-9.744383,-8.830132,0.5,1985,28.87223,82.323,41.46959,31.34435,260,98.80016,Kljun et al
5/4/19 23:00,1600,New Ripp #3,12.12701,0.1464383,3,36000,4.207425,4,36000,-31.26756,3,36000,-89.88409,-33.4962153,-24.373371,-47.71167,-18.467805,-44.98308,-31.9451505,-14.88741,-28.23542,-16.99759,-33.85242,-21.63684,0.4053638,-7.43152,0.1062208,1,0.2972842,0.08661877,0.3835372,15.33642,60.67392,7.777827,1.061053,1.750064,15.73255,59.24242,7.797942,1.062507,1.795233,15.18429,61.92925,7.936435,1.072559,1.733053,8.060459,100.0486,7.327263,1.361784,0.551596,-1.347614,0.5804114,-0.05330322,0.3548786,16.71232,0.4312159,270,1.987365,1.915855,315.2996,15.36492,314.7004,4.880337,754.4245,2.349793,7.96982,0.07296383,0.9361299,0.9304316,0,-4.745598,1.220926,303.4484,387.366,287.4978558,288.0666,-87.11978,-3.20222,338.7948,-34.22506,161.8461,16.18842,,0,18.98001,20.5006,18.54543,19.56118,21.95397,22.52181,22.93685,23.67795,24.2035,24.77506,11.95667,14.10667,5.277778,4.068889,10.75556,19.87333,19.43111,23.17667,23.59333,24.49667,-9.485961,-19.47625,-1.470215,-11.13066,-10.3083105,0.5,1982,28.56289,81.87579,41.09647,31.05488,260,98.622,Kljun et al
5/4/19 23:30,1601,New Ripp #3,12.10237,0.1674505,1,36000,7.439563,1,36000,-43.38029,1,36000,-88.40814,-43.8651164,-40.97692,-57.0477,-22.971002,-45.72289,-52.60707,-30.15261,-35.93342,-20.4894,-33.38598,-41.02646,0.6394827,-5.831027,0.1260131,1,0.3233666,0.1101875,0.5157467,14.50687,63.84445,7.748228,1.058892,1.658606,15.00143,61.95669,7.773405,1.060709,1.712534,14.32289,65.27628,7.899103,1.069831,1.638989,8.064006,100.0616,6.518247,1.79661,0.6637677,-1.287713,0.6653491,-0.0833225,0.384989,15.97688,0.2507131,270,2.294009,2.210432,324.3692,15.46076,305.6308,5.088048,757.41,1.8349,7.976448,0.03606617,0.9323642,0.9266671,0,-4.035613,1.636709,300.6262,383.362,286.7520298,287.1482,-84.98146,-2.245637,347.3361,-35.96852,169.3466,16.1944,,0,18.56203,20.18023,18.12613,19.19258,21.6358,22.28068,22.45825,23.24162,23.73467,24.33269,11.97444,14.11222,5.188889,4.006666,10.83889,19.44889,19.04,22.86222,23.13556,23.94555,-10.82431,-21.11428,-2.481602,-12.33691,-11.58061,0.5,1979,28.81849,82.70313,41.48136,31.34395,260,98.57964,Kljun et al
5/5/19 0:00,1602,New Ripp #3,12.08956,0.152721,3,36000,6.331882,3,36000,-37.59155,3,36000,-87.24923,-40.5059302,-50.00232,-51.79478,-17.832576,-36.39035,-46.509625,-37.91302,-29.12588,-14.37521,-22.9192,-33.7294,0.5242437,-5.936869,0.09597594,1,0.2819648,0.1093161,0.4377249,14.08098,65.65262,7.747151,1.058826,1.613882,14.52013,63.91949,7.769543,1.060443,1.660582,13.91835,66.75095,7.83772,1.065374,1.596882,8.041749,100.0661,6.001389,1.671385,0.6557941,-1.105637,0.5722285,-0.06827281,0.3434217,15.49367,0.4358937,270,2.068309,2.003984,326.5152,14.28453,303.4848,6.971459,761.0436,3.395891,7.987837,0.06118165,0.9359794,0.9302927,0,-4.267852,1.417723,299.2622,380.8259,286.2766026,286.7714,-84.32796,-2.7643,328.219,-36.82154,148.847,16.20036,,0,18.12608,19.83907,17.70945,18.80314,21.30759,22.02253,21.98149,22.80097,23.25805,23.87314,11.81,14.14333,5.279999,4.023333,10.70333,19.03778,18.73667,22.6,22.70444,23.50666,-12.0893,-22.6689,-3.457366,-13.47115,-12.780225,0.5,1977,28.21651,81.3513,40.67435,30.72801,260,98.42957,Kljun et al